{
"apiVersion": "V2",
"assemblies": [
{
  "files": [
    {
      "filePath": "data_summary.tsv",
      "fileType": "DATA_TABLE"
    },
    {
      "filePath": "assembly_data_report.jsonl",
      "fileType": "DATA_REPORT"
    }
  ]
},{
  "accession": "GCA_002243645.1",
  "files": [
    {
      "filePath": "GCA_002243645.1/GCA_002243645.1_ASM224364v1_genomic.fna",
      "fileType": "GENOMIC_NUCLEOTIDE_FASTA"
    },
    {
      "filePath": "GCA_002243645.1/genomic.gtf",
      "fileType": "GTF"
    },
    {
      "filePath": "GCA_002243645.1/genomic.gff",
      "fileType": "GFF3"
    },
    {
      "filePath": "GCA_002243645.1/genomic.gbff",
      "fileType": "GENBANK_FLAT_FILE"
    }
  ]
},{
  "accession": "GCF_002243645.1",
  "files": [
    {
      "filePath": "GCF_002243645.1/GCF_002243645.1_ASM224364v1_genomic.fna",
      "fileType": "GENOMIC_NUCLEOTIDE_FASTA"
    },
    {
      "filePath": "GCF_002243645.1/genomic.gtf",
      "fileType": "GTF"
    },
    {
      "filePath": "GCF_002243645.1/genomic.gff",
      "fileType": "GFF3"
    },
    {
      "filePath": "GCF_002243645.1/genomic.gbff",
      "fileType": "GENBANK_FLAT_FILE"
    }
  ]
}]}
